Workbook

Sheet Product Backlog
A1: 2D Three-Player Soccer Game — Product Backlog
A2: Kirkwood Community College — Software Design & Development — Team: Smeet Joshi (SJ), Tabir (TY), Eli (EK)
A4: Total Tasks | B4: =COUNTA(A9:A55) -> 47 | C4: Total Est. Hours | D4: =SUM(E9:E55) -> 158 | E4: Completed Tasks | F4: =COUNTIF(G9:G55,"Completed") -> 47 | G4: Completed Hours | H4: =SUMIF(G9:G55,"Completed",E9:E55) -> 158
A6: Priority key: 1 = Very Important 2 = Important 3 = Lower Priority
A8: Task ID | B8: Category | C8: Task | D8: Description | E8: Est. Hours | F8: Priority | G8: Status | H8: Completed By | I8: Sprint
A9: 1 | B9: Planning | C9: Confirm project concept and game rules | D9: Finalize the basic 2D soccer game concept, match rules and scope. | E9: 2 | F9: 1 | G9: Completed | H9: SJ, TY, EK | I9: Week 1
A10: 2 | B10: Planning | C10: Define teams and player roles | D10: Set two teams with 3 players each - 1 defender and 2 front players. | E10: 2 | F10: 1 | G10: Completed | H10: SJ, TY, EK | I10: Week 1
A11: 3 | B11: Analysis | C11: Write requirements analysis | D11: Document functional and non-functional requirements for the basic game. | E11: 4 | F11: 1 | G11: Completed | H11: SJ, TY, EK | I11: Week 1
A12: 4 | B12: Design | C12: Design field, goal and UI layout | D12: Plan the soccer field, goal areas, scoreboard area, timer and menu placement. | E12: 4 | F12: 1 | G12: Completed | H12: SJ, TY, EK | I12: Week 1
A13: 5 | B13: Design | C13: Write use cases | D13: Create use cases for starting the game, moving players, scoring, pausing and exiting. | E13: 2 | F13: 2 | G13: Completed | H13: SJ, TY, EK | I13: Week 1
A14: 6 | B14: Design | C14: Create CRC cards | D14: Define responsibilities and collaborators for core classes. | E14: 2 | F14: 2 | G14: Completed | H14: SJ, TY, EK | I14: Week 1
A15: 7 | B15: Design | C15: Create UML class detail diagram | D15: Draw a detailed UML class diagram for SoccerGame, Team, Player, Ball, GameTimer, GameMenu, Field. | E15: 2 | F15: 2 | G15: Completed | H15: SJ, TY, EK | I15: Week 1
A16: 8 | B16: Design | C16: Create UML relationship diagram | D16: Show class associations and connections between the main game classes. | E16: 2 | F16: 2 | G16: Completed | H16: SJ, TY, EK | I16: Week 1
A17: 9 | B17: Design | C17: Create parent/child relationship diagram | D17: Draw the parent/child relationship diagram for the game. | E17: 2 | F17: 2 | G17: Completed | H17: SJ, TY, EK | I17: Week 1
A18: 10 | B18: Scrum | C18: Create initial product backlog | D18: List all major tasks, estimates hours, rank, status and sprint completion column. | E18: 2 | F18: 1 | G18: Completed | H18: SJ, TY, EK | I18: Week 1
A19: 11 | B19: Scrum | C19: Complete Week 1 scrum artifacts | D19: Prepare Week 1 kanban board, work log, worksheet answers, and backlog update. | E19: 2 | F19: 2 | G19: Completed | H19: SJ, TY, EK | I19: Week 1
A20: 12 | B20: Design | C20: Draft class responsibilities and game states | D20: Define SoccerGame, Team, Player, Ball, GameTimer, GameMenu, and game states. | E20: 3 | F20: 1 | G20: Completed | H20: SJ, TY, EK | I20: Week 1
... A55: 47 | B55: Gameplay | C55: Set player zone | D55: Set each player's zone so that they get triggered as soon as the ball reaches the zone. | E55: 2 | F55: 2 | G55: Completed | H55: EK | I55: Week 3

Sheet Summary
A1: Backlog Summary
A3: Status | B3: Task Count | C3: Hours | E3: Category | F3: Hours
A4: Completed | B4: =COUNTIF('Product Backlog'!G9:G55,A4) -> 47 | C4: =SUMIF('Product Backlog'!G9:G55,A4,'Product Backlog'!E9:E55) -> 158 | E4: Analysis | F4: =SUMIF('Product Backlog'!B9:B55,E4,'Product Backlog'!E9:E55) -> 4
A5: In Progress | B5: =COUNTIF('Product Backlog'!G9:G55,A5) -> 0 | C5: =SUMIF('Product Backlog'!G9:G55,A5,'Product Backlog'!E9:E55) -> 0 | E5: Cleanup | F5: =SUMIF('Product Backlog'!B9:B55,E5,'Product Backlog'!E9:E55) -> 5
A6: Not Started | B6: =COUNTIF('Product Backlog'!G9:G55,A6) -> 0 | C6: =SUMIF('Product Backlog'!G9:G55,A6,'Product Backlog'!E9:E55) -> 0 | E6: Coding | F6: =SUMIF('Product Backlog'!B9:B55,E6,'Product Backlog'!E9:E55) -> 16
E7: Debugging | F7: =SUMIF('Product Backlog'!B9:B55,E7,'Product Backlog'!E9:E55) -> 14
E8: Design | F8: =SUMIF('Product Backlog'!B9:B55,E8,'Product Backlog'!E9:E55) -> 19
E9: Gameplay | F9: =SUMIF('Product Backlog'!B9:B55,E9,'Product Backlog'!E9:E55) -> 54
E10: Menu | F10: =SUMIF('Product Backlog'!B9:B55,E10,'Product Backlog'!E9:E55) -> 5
E11: Planning | F11: =SUMIF('Product Backlog'!B9:B55,E11,'Product Backlog'!E9:E55) -> 4
E12: Release | F12: =SUMIF('Product Backlog'!B9:B55,E12,'Product Backlog'!E9:E55) -> 3
E13: Scrum | F13: =SUMIF('Product Backlog'!B9:B55,E13,'Product Backlog'!E9:E55) -> 4
E14: Setup | F14: =SUMIF('Product Backlog'!B9:B55,E14,'Product Backlog'!E9:E55) -> 6
E15: Testing | F15: =SUMIF('Product Backlog'!B9:B55,E15,'Product Backlog'!E9:E55) -> 17
E16: UI | F16: =SUMIF('Product Backlog'!B9:B55,E16,'Product Backlog'!E9:E55) -> 7
